team,conference,wins,losses,win_pct,points_for,points_against,net_points,home_win_pct,road_win_pct,div_win_pct,conf_win_pct,strength_of_schedule,recent_form,offensive_ppg,defensive_ppg
Baltimore Ravens,AFC,13,4,0.765,483,280,203,0.6666666666666666,0.875,0.5,0.6666666666666666,0.5,0.8,28.41176470588235,16.470588235294116
Buffalo Bills,AFC,11,6,0.647,451,311,140,0.7777777777777778,0.5,0.6666666666666666,0.5833333333333334,0.588,1.0,26.529411764705884,18.294117647058822
Kansas City Chiefs,AFC,11,6,0.647,371,294,77,0.5555555555555556,0.75,0.6666666666666666,0.75,0.529,0.6,21.823529411764707,17.294117647058822
Philadelphia Eagles,NFC,14,3,0.824,477,344,133,0.8888888888888888,0.75,0.8333333333333334,0.8333333333333334,0.515,0.8,28.058823529411764,20.235294117647058
San Francisco 49ers,NFC,12,5,0.706,456,298,158,0.7777777777777778,0.625,0.6666666666666666,0.6666666666666666,0.5,0.6,26.823529411764707,17.529411764705884
